Server,127.0.0.1,,TCP,21101
Client,127.0.0.1,127.0.0.1,TCP,21101
Server,127.0.0.1,,TCP,21102
Client,127.0.0.1,127.0.0.1,TCP,21102
Server,127.0.0.1,,TCP,21103
Client,127.0.0.1,127.0.0.1,TCP,21103
Server,127.0.0.1,,TCP,21104
Client,127.0.0.1,127.0.0.1,TCP,21104
Server,127.0.0.1,,TCP,21105
Client,127.0.0.1,127.0.0.1,TCP,21105
Server,127.0.0.1,,TCP,21106
Client,127.0.0.1,127.0.0.1,TCP,21106
Server,127.0.0.1,,TCP,21107
Client,127.0.0.1,127.0.0.1,TCP,21107
Server,127.0.0.1,,TCP,21108
Client,127.0.0.1,127.0.0.1,TCP,21108
Server,127.0.0.1,,TCP,21109
Client,127.0.0.1,127.0.0.1,TCP,21109
Server,127.0.0.1,,TCP,21110
Client,127.0.0.1,127.0.0.1,TCP,21110
Server,127.0.0.1,,TCP,21111
Client,127.0.0.1,127.0.0.1,TCP,21111
Server,127.0.0.1,,TCP,21112
Client,127.0.0.1,127.0.0.1,TCP,21112
Server,127.0.0.1,,TCP,21113
Client,127.0.0.1,127.0.0.1,TCP,21113
Server,127.0.0.1,,TCP,21114
Client,127.0.0.1,127.0.0.1,TCP,21114
Server,127.0.0.1,,TCP,21115
Client,127.0.0.1,127.0.0.1,TCP,21115
Server,127.0.0.1,,TCP,21116
Client,127.0.0.1,127.0.0.1,TCP,21116
Server,127.0.0.1,,TCP,21117
Client,127.0.0.1,127.0.0.1,TCP,21117
Server,127.0.0.1,,TCP,21118
Client,127.0.0.1,127.0.0.1,TCP,21118
Server,127.0.0.1,,TCP,21119
Client,127.0.0.1,127.0.0.1,TCP,21119
Server,127.0.0.1,,TCP,21120
Client,127.0.0.1,127.0.0.1,TCP,21120
Server,127.0.0.1,,TCP,21121
Client,127.0.0.1,127.0.0.1,TCP,21121
Server,127.0.0.1,,TCP,21122
Client,127.0.0.1,127.0.0.1,TCP,21122
Server,127.0.0.1,,TCP,21123
Client,127.0.0.1,127.0.0.1,TCP,21123
Server,127.0.0.1,,TCP,21124
Client,127.0.0.1,127.0.0.1,TCP,21124
Server,127.0.0.1,,TCP,21125
Client,127.0.0.1,127.0.0.1,TCP,21125
Server,127.0.0.1,,TCP,21126
Client,127.0.0.1,127.0.0.1,TCP,21126
Server,127.0.0.1,,TCP,21127
Client,127.0.0.1,127.0.0.1,TCP,21127
Server,127.0.0.1,,TCP,21128
Client,127.0.0.1,127.0.0.1,TCP,21128
Server,127.0.0.1,,TCP,21129
Client,127.0.0.1,127.0.0.1,TCP,21129
Server,127.0.0.1,,TCP,21130
Client,127.0.0.1,127.0.0.1,TCP,21130
Server,127.0.0.1,,TCP,21131
Client,127.0.0.1,127.0.0.1,TCP,21131
Server,127.0.0.1,,TCP,21132
Client,127.0.0.1,127.0.0.1,TCP,21132
Server,127.0.0.1,,TCP,21133
Client,127.0.0.1,127.0.0.1,TCP,21133
Server,127.0.0.1,,TCP,21134
Client,127.0.0.1,127.0.0.1,TCP,21134
Server,127.0.0.1,,TCP,21135
Client,127.0.0.1,127.0.0.1,TCP,21135
Server,127.0.0.1,,TCP,21136
Client,127.0.0.1,127.0.0.1,TCP,21136
Server,127.0.0.1,,TCP,21137
Client,127.0.0.1,127.0.0.1,TCP,21137
Server,127.0.0.1,,TCP,21138
Client,127.0.0.1,127.0.0.1,TCP,21138
Server,127.0.0.1,,TCP,21139
Client,127.0.0.1,127.0.0.1,TCP,21139
Server,127.0.0.1,,TCP,21140
Client,127.0.0.1,127.0.0.1,TCP,21140
Server,127.0.0.1,,TCP,21141
Client,127.0.0.1,127.0.0.1,TCP,21141
Server,127.0.0.1,,TCP,21142
Client,127.0.0.1,127.0.0.1,TCP,21142
Server,127.0.0.1,,TCP,21143
Client,127.0.0.1,127.0.0.1,TCP,21143
Server,127.0.0.1,,TCP,21144
Client,127.0.0.1,127.0.0.1,TCP,21144
Server,127.0.0.1,,TCP,21145
Client,127.0.0.1,127.0.0.1,TCP,21145
Server,127.0.0.1,,TCP,21146
Client,127.0.0.1,127.0.0.1,TCP,21146
Server,127.0.0.1,,TCP,21147
Client,127.0.0.1,127.0.0.1,TCP,21147
Server,127.0.0.1,,TCP,21148
Client,127.0.0.1,127.0.0.1,TCP,21148
Server,127.0.0.1,,TCP,21149
Client,127.0.0.1,127.0.0.1,TCP,21149
Server,127.0.0.1,,TCP,21150
Client,127.0.0.1,127.0.0.1,TCP,21150
Server,127.0.0.1,,TCP,21151
Client,127.0.0.1,127.0.0.1,TCP,21151
Server,127.0.0.1,,TCP,21152
Client,127.0.0.1,127.0.0.1,TCP,21152
Server,127.0.0.1,,TCP,21153
Client,127.0.0.1,127.0.0.1,TCP,21153
Server,127.0.0.1,,TCP,21154
Client,127.0.0.1,127.0.0.1,TCP,21154
Server,127.0.0.1,,TCP,21155
Client,127.0.0.1,127.0.0.1,TCP,21155
Server,127.0.0.1,,TCP,21156
Client,127.0.0.1,127.0.0.1,TCP,21156
Server,127.0.0.1,,TCP,21157
Client,127.0.0.1,127.0.0.1,TCP,21157
Server,127.0.0.1,,TCP,21158
Client,127.0.0.1,127.0.0.1,TCP,21158
Server,127.0.0.1,,TCP,21159
Client,127.0.0.1,127.0.0.1,TCP,21159
Server,127.0.0.1,,TCP,21160
Client,127.0.0.1,127.0.0.1,TCP,21160
Server,127.0.0.1,,TCP,21161
Client,127.0.0.1,127.0.0.1,TCP,21161
Server,127.0.0.1,,TCP,21162
Client,127.0.0.1,127.0.0.1,TCP,21162
Server,127.0.0.1,,TCP,21163
Client,127.0.0.1,127.0.0.1,TCP,21163
Server,127.0.0.1,,TCP,21164
Client,127.0.0.1,127.0.0.1,TCP,21164
Server,127.0.0.1,,TCP,21165
Client,127.0.0.1,127.0.0.1,TCP,21165
Server,127.0.0.1,,TCP,21166
Client,127.0.0.1,127.0.0.1,TCP,21166
Server,127.0.0.1,,TCP,21167
Client,127.0.0.1,127.0.0.1,TCP,21167
Server,127.0.0.1,,TCP,21168
Client,127.0.0.1,127.0.0.1,TCP,21168
Server,127.0.0.1,,TCP,21169
Client,127.0.0.1,127.0.0.1,TCP,21169
Server,127.0.0.1,,TCP,21170
Client,127.0.0.1,127.0.0.1,TCP,21170
Server,127.0.0.1,,TCP,21171
Client,127.0.0.1,127.0.0.1,TCP,21171
Server,127.0.0.1,,TCP,21172
Client,127.0.0.1,127.0.0.1,TCP,21172
Server,127.0.0.1,,TCP,21173
Client,127.0.0.1,127.0.0.1,TCP,21173
Server,127.0.0.1,,TCP,21174
Client,127.0.0.1,127.0.0.1,TCP,21174
Server,127.0.0.1,,TCP,21175
Client,127.0.0.1,127.0.0.1,TCP,21175
Server,127.0.0.1,,TCP,21176
Client,127.0.0.1,127.0.0.1,TCP,21176
Server,127.0.0.1,,TCP,21177
Client,127.0.0.1,127.0.0.1,TCP,21177
Server,127.0.0.1,,TCP,21178
Client,127.0.0.1,127.0.0.1,TCP,21178
Server,127.0.0.1,,TCP,21179
Client,127.0.0.1,127.0.0.1,TCP,21179
Server,127.0.0.1,,TCP,21180
Client,127.0.0.1,127.0.0.1,TCP,21180
Server,127.0.0.1,,TCP,21181
Client,127.0.0.1,127.0.0.1,TCP,21181
Server,127.0.0.1,,TCP,21182
Client,127.0.0.1,127.0.0.1,TCP,21182
Server,127.0.0.1,,TCP,21183
Client,127.0.0.1,127.0.0.1,TCP,21183
Server,127.0.0.1,,TCP,21184
Client,127.0.0.1,127.0.0.1,TCP,21184
Server,127.0.0.1,,TCP,21185
Client,127.0.0.1,127.0.0.1,TCP,21185
Server,127.0.0.1,,TCP,21186
Client,127.0.0.1,127.0.0.1,TCP,21186
Server,127.0.0.1,,TCP,21187
Client,127.0.0.1,127.0.0.1,TCP,21187
Server,127.0.0.1,,TCP,21188
Client,127.0.0.1,127.0.0.1,TCP,21188
Server,127.0.0.1,,TCP,21189
Client,127.0.0.1,127.0.0.1,TCP,21189
Server,127.0.0.1,,TCP,21190
Client,127.0.0.1,127.0.0.1,TCP,21190
Server,127.0.0.1,,TCP,21191
Client,127.0.0.1,127.0.0.1,TCP,21191
Server,127.0.0.1,,TCP,21192
Client,127.0.0.1,127.0.0.1,TCP,21192
Server,127.0.0.1,,TCP,21193
Client,127.0.0.1,127.0.0.1,TCP,21193
Server,127.0.0.1,,TCP,21194
Client,127.0.0.1,127.0.0.1,TCP,21194
Server,127.0.0.1,,TCP,21195
Client,127.0.0.1,127.0.0.1,TCP,21195
Server,127.0.0.1,,TCP,21196
Client,127.0.0.1,127.0.0.1,TCP,21196
Server,127.0.0.1,,TCP,21197
Client,127.0.0.1,127.0.0.1,TCP,21197
Server,127.0.0.1,,TCP,21198
Client,127.0.0.1,127.0.0.1,TCP,21198
Server,127.0.0.1,,TCP,21199
Client,127.0.0.1,127.0.0.1,TCP,21199
Server,127.0.0.1,,TCP,21200
Client,127.0.0.1,127.0.0.1,TCP,21200